verbatim;type;edited;parent;source
Acaena anserinifolia x inermis;formula;Acaena anserinifolia × inermis;Acaena anserinifolia;ecoflora
Acaena anserinifolia x inermis;formula;Acaena anserinifolia × inermis;Acaena inermis;ecoflora
Aconitum x cammarum L.;name;Aconitum ×cammarum L.;Aconitum napellus;ecoflora
Aconitum x cammarum L.;name;Aconitum ×cammarum L.;Aconitum variegatum;ecoflora
Agrostis gigantea x stolonifera;formula;Agrostis gigantea × stolonifera;Agrostis gigantea;ecoflora
Agrostis gigantea x stolonifera;formula;Agrostis gigantea × stolonifera;Agrostis stolonifera;ecoflora
Agrostis x bjoerkmanii Widén;name;Agrostis ×bjoerkmanii Widén;Agrostis capillaris;ecoflora
Agrostis x bjoerkmanii Widén;name;Agrostis ×bjoerkmanii Widén;Agrostis gigantea;ecoflora
Agrostis x fouilladeana Lambinon & Verloove;name;Agrostis ×fouilladeana Lambinon & Verloove;Agrostis capillaris;ecoflora
Agrostis x fouilladeana Lambinon & Verloove;name;Agrostis ×fouilladeana Lambinon & Verloove;Agrostis castellana;ecoflora
Alnus x hybrida A. Braun ex Rchb.;name;Alnus ×hybrida A. Braun ex Rchb.;Alnus glutinosa;ecoflora
Alnus x hybrida A. Braun ex Rchb.;name;Alnus ×hybrida A. Braun ex Rchb.;Alnus incana;ecoflora
Amaranthus x ozanonii (Thell.) C. Schust. & M. Goldschm.;name;Amaranthus ×ozanonii (Thell.) C. Schust. & M. Goldschm.;Amaranthus retroflexus;ecoflora
Amaranthus x ozanonii (Thell.) C. Schust. & M. Goldschm.;name;Amaranthus ×ozanonii (Thell.) C. Schust. & M. Goldschm.;Amaranthus hybridus;ecoflora
Anchusa x baumgartenii (Nyman) Gusul.;name;Anchusa ×baumgartenii (Nyman) Gusul.;Anchusa ochroleuca;ecoflora
Anchusa x baumgartenii (Nyman) Gusul.;name;Anchusa ×baumgartenii (Nyman) Gusul.;Anchusa officinalis;ecoflora
Anemone x hybrida Paxton;name;Anemone ×hybrida Paxton;Anemone hupehensis;ecoflora
Anemone x hybrida Paxton;name;Anemone ×hybrida Paxton;Anemone vitifolia;ecoflora
Arctium x nothum (Ruhmer) J. Weiss;name;Arctium ×nothum (Ruhmer) J. Weiss;Arctium lappa;ecoflora
Arctium x nothum (Ruhmer) J. Weiss;name;Arctium ×nothum (Ruhmer) J. Weiss;Arctium minus;ecoflora
Artemisia x wurzellii C.M. James & Stace;name;Artemisia ×wurzellii C.M. James & Stace;Artemisia vulgaris;ecoflora
Artemisia x wurzellii C.M. James & Stace;name;Artemisia ×wurzellii C.M. James & Stace;Artemisia verlotiorum;ecoflora
Aster x salignus Willd.;name;Aster ×salignus Willd.;Aster novi-belgii;ecoflora
Aster x salignus Willd.;name;Aster ×salignus Willd.;Aster lanceolatus;ecoflora
Aster x versicolor Willd.;name;Aster ×versicolor Willd.;Aster laevis;ecoflora
Aster x versicolor Willd.;name;Aster ×versicolor Willd.;Aster novi-belgii;ecoflora
Astilbe x arendsii Arends;name;Astilbe ×arendsii Arends;Astilbe japonica;ecoflora
Astilbe x arendsii Arends;name;Astilbe ×arendsii Arends;Astilbe chinensis;ecoflora
Astilbe x arendsii Arends;name;Astilbe ×arendsii Arends;Astilbe rosea;ecoflora
Avena x hybrida Peterm.;name;Avena ×hybrida Peterm.;Avena fatua;ecoflora
Avena x hybrida Peterm.;name;Avena ×hybrida Peterm.;Avena sativa;ecoflora
Berberis x stenophylla Lindl.;name;Berberis ×stenophylla Lindl.;Berberis darwinii;ecoflora
Berberis x stenophylla Lindl.;name;Berberis ×stenophylla Lindl.;Berberis empetrifolia;ecoflora
Brassica x harmsiana O.E. Schulz;name;Brassica ×harmsiana O.E. Schulz;Brassica napus;ecoflora
Brassica x harmsiana O.E. Schulz;name;Brassica ×harmsiana O.E. Schulz;Brassica rapa;ecoflora
Bromus x pseudothominei P.M.Sm.;name;Bromus ×pseudothominei P.M.Sm.;Bromus hordeaceus;ecoflora
Bromus x pseudothominei P.M.Sm.;name;Bromus ×pseudothominei P.M.Sm.;Bromus lepidus;ecoflora
Buddleja x weyeriana Weyer;name;Buddleja ×weyeriana Weyer;Buddleja davidii;ecoflora
Buddleja x weyeriana Weyer;name;Buddleja ×weyeriana Weyer;Buddleja globosa;ecoflora
Calystegia x howittiorum Brummitt;name;Calystegia ×howittiorum Brummitt;Calystegia pulchra;ecoflora
Calystegia x howittiorum Brummitt;name;Calystegia ×howittiorum Brummitt;Calystegia silvatica;ecoflora
Calystegia x lucana (Ten.) G. Don;name;Calystegia ×lucana (Ten.) G. Don;Calystegia sepium;ecoflora
Calystegia x lucana (Ten.) G. Don;name;Calystegia ×lucana (Ten.) G. Don;Calystegia silvatica;ecoflora
Calystegia x scanica Brummitt;name;Calystegia ×scanica Brummitt;Calystegia sepium;ecoflora
Calystegia x scanica Brummitt;name;Calystegia ×scanica Brummitt;Calystegia pulchra;ecoflora
Capsella x gracilis Gren.;name;Capsella ×gracilis Gren.;Capsella bursa-pastoris;ecoflora
Capsella x gracilis Gren.;name;Capsella ×gracilis Gren.;Capsella rubella;ecoflora
Centaurea x moncktonii C.E. Britton;name;Centaurea ×moncktonii C.E. Britton;Centaurea nigra;ecoflora
Centaurea x moncktonii C.E. Britton;name;Centaurea ×moncktonii C.E. Britton;Centaurea jacea;ecoflora
Cerastium x maueri M.Schulze;name;Cerastium ×maueri M.Schulze;Cerastium arvense;ecoflora
Cerastium x maueri M.Schulze;name;Cerastium ×maueri M.Schulze;Cerastium tomentosum;ecoflora
Chenopodium x bontei Aellen;name;Chenopodium ×bontei Aellen;Chenopodium carinatum;ecoflora
Chenopodium x bontei Aellen;name;Chenopodium ×bontei Aellen;Chenopodium cristatum;ecoflora
Colutea x media Willd.;name;Colutea ×media Willd.;Colutea arborescens;ecoflora
Colutea x media Willd.;name;Colutea ×media Willd.;Colutea orientalis;ecoflora
Conyza canadensis x bonariensis;formula;Conyza canadensis × bonariensis;Conyza canadensis;ecoflora
Conyza canadensis x bonariensis;formula;Conyza canadensis × bonariensis;Conyza bonariensis;ecoflora
Corylus avellana x maxima;formula;Corylus avellana × maxima;Corylus avellana;ecoflora
Corylus avellana x maxima;formula;Corylus avellana × maxima;Corylus maxima;ecoflora
Cotoneaster x suecicus G. Klotz;name;Cotoneaster ×suecicus G. Klotz;Cotoneaster dammeri;ecoflora
Cotoneaster x suecicus G. Klotz;name;Cotoneaster ×suecicus G. Klotz;Cotoneaster conspicuus;ecoflora
Cotoneaster x watereri Exell;name;Cotoneaster ×watereri Exell;Cotoneaster frigidus;ecoflora
Cotoneaster x watereri Exell;name;Cotoneaster ×watereri Exell;Cotoneaster salicifolius;ecoflora
Crataegus monogyna x heterophylla;formula;Crataegus monogyna × heterophylla;Crataegus monogyna;ecoflora
Crataegus monogyna x heterophylla;formula;Crataegus monogyna × heterophylla;Crataegus heterophylla;ecoflora
Crocosmia x crocosmiiflora (Lemoine) N.E. Br.;name;Crocosmia ×crocosmiiflora (Lemoine) N.E. Br.;Crocosmia potsii;ecoflora
Crocosmia x crocosmiiflora (Lemoine) N.E. Br.;name;Crocosmia ×crocosmiiflora (Lemoine) N.E. Br.;Crocosmia aurea;ecoflora
Crocus chrysanthus x biflorus;formula;Crocus chrysanthus × biflorus;Crocus chrysanthus;ecoflora
Crocus chrysanthus x biflorus;formula;Crocus chrysanthus × biflorus;Crocus biflorus;ecoflora
Crocus vernus x tommasinianus;formula;Crocus vernus × tommasinianus;Crocus vernus;ecoflora
Crocus vernus x tommasinianus;formula;Crocus vernus × tommasinianus;Crocus tommasinianus;ecoflora
Crocus x stellaris Haw.;name;Crocus ×stellaris Haw.;Crocus angustifolius;ecoflora
Crocus x stellaris Haw.;name;Crocus ×stellaris Haw.;Crocus flavus;ecoflora
Dianthus caryophyllus x gratianopolitanus x plumarius;formula;Dianthus caryophyllus × gratianopolitanus × plumarius;Dianthus caryophyllus;ecoflora
Dianthus caryophyllus x gratianopolitanus x plumarius;formula;Dianthus caryophyllus × gratianopolitanus × plumarius;Dianthus gratianopolitanus;ecoflora
Dianthus caryophyllus x gratianopolitanus x plumarius;formula;Dianthus caryophyllus × gratianopolitanus × plumarius;Dianthus plumarius;ecoflora
Dianthus caryophyllus x plumarius;formula;Dianthus caryophyllus × plumarius;Dianthus caryophyllus;ecoflora
Dianthus caryophyllus x plumarius;formula;Dianthus caryophyllus × plumarius;Dianthus plumarius;ecoflora
Dianthus gratianopolitanus x caryophyllus;formula;Dianthus gratianopolitanus × caryophyllus;Dianthus gratianopolitanus;ecoflora
Dianthus gratianopolitanus x caryophyllus;formula;Dianthus gratianopolitanus × caryophyllus;Dianthus caryophyllus;ecoflora
Dianthus gratianopolitanus x plumarius;formula;Dianthus gratianopolitanus × plumarius;Dianthus gratianopolitanus;ecoflora
Dianthus gratianopolitanus x plumarius;formula;Dianthus gratianopolitanus × plumarius;Dianthus plumarius;ecoflora
Dipsacus fullonum x sativus;formula;Dipsacus fullonum × sativus;Dipsacus fullonum;ecoflora
Dipsacus fullonum x sativus;formula;Dipsacus fullonum × sativus;Dipsacus sativus;ecoflora
Dipsacus x pseudosilvester Schur;name;Dipsacus ×pseudosilvester Schur;Dipsacus fullonum;ecoflora
Dipsacus x pseudosilvester Schur;name;Dipsacus ×pseudosilvester Schur;Dipsacus laciniatus;ecoflora
Doronicum x excelsum (N.E. Br.) Stace;name;Doronicum ×excelsum (N.E. Br.) Stace;Doronicum pardalianches;ecoflora
Doronicum x excelsum (N.E. Br.) Stace;name;Doronicum ×excelsum (N.E. Br.) Stace;Doronicum plantagineum;ecoflora
Doronicum x excelsum (N.E. Br.) Stace;name;Doronicum ×excelsum (N.E. Br.) Stace;Doronicum columnae;ecoflora
Doronicum x willdenowii (Rouy) A.W. Hill;name;Doronicum ×willdenowii (Rouy) A.W. Hill;Doronicum pardalianches;ecoflora
Doronicum x willdenowii (Rouy) A.W. Hill;name;Doronicum ×willdenowii (Rouy) A.W. Hill;Doronicum plantagineum;ecoflora
Epilobium ciliatum x lanceolatum;formula;Epilobium ciliatum × lanceolatum;Epilobium ciliatum;ecoflora
Epilobium ciliatum x lanceolatum;formula;Epilobium ciliatum × lanceolatum;Epilobium lanceolatum;ecoflora
Epilobium x brunnatum Kitchener & McKean;name;Epilobium ×brunnatum Kitchener & McKean;Epilobium ciliatum;ecoflora
Epilobium x brunnatum Kitchener & McKean;name;Epilobium ×brunnatum Kitchener & McKean;Epilobium brunnescens;ecoflora
Epilobium x chateri Kitchener & McKean;name;Epilobium ×chateri Kitchener & McKean;Epilobium palustre;ecoflora
Epilobium x chateri Kitchener & McKean;name;Epilobium ×chateri Kitchener & McKean;Epilobium brunnescens;ecoflora
Epilobium x confusilobum Kitchener & McKean;name;Epilobium ×confusilobum Kitchener & McKean;Epilobium montanum;ecoflora
Epilobium x confusilobum Kitchener & McKean;name;Epilobium ×confusilobum Kitchener & McKean;Epilobium brunnescens;ecoflora
Epilobium x floridulum Smejkal;name;Epilobium ×floridulum Smejkal;Epilobium parviflorum;ecoflora
Epilobium x floridulum Smejkal;name;Epilobium ×floridulum Smejkal;Epilobium ciliatum;ecoflora
Epilobium x fossicola Smejkal;name;Epilobium ×fossicola Smejkal;Epilobium ciliatum;ecoflora
Epilobium x fossicola Smejkal;name;Epilobium ×fossicola Smejkal;Epilobium palustre;ecoflora
Epilobium x interjectum Smejkal;name;Epilobium ×interjectum Smejkal;Epilobium montanum;ecoflora
Epilobium x interjectum Smejkal;name;Epilobium ×interjectum Smejkal;Epilobium ciliatum;ecoflora
Epilobium x mentiens Smejkal;name;Epilobium ×mentiens Smejkal;Epilobium tetragonum;ecoflora
Epilobium x mentiens Smejkal;name;Epilobium ×mentiens Smejkal;Epilobium ciliatum;ecoflora
Epilobium x novae-civitatis Smejkal;name;Epilobium ×novae-civitatis Smejkal;Epilobium hirsutum;ecoflora
Epilobium x novae-civitatis Smejkal;name;Epilobium ×novae-civitatis Smejkal;Epilobium ciliatum;ecoflora
Epilobium x nutantiflorum Smejkal;name;Epilobium ×nutantiflorum Smejkal;Epilobium roseum;ecoflora
Epilobium x nutantiflorum Smejkal;name;Epilobium ×nutantiflorum Smejkal;Epilobium ciliatum;ecoflora
Epilobium x obscurescens Kitchener & McKean;name;Epilobium ×obscurescens Kitchener & McKean;Epilobium obscurum;ecoflora
Epilobium x obscurescens Kitchener & McKean;name;Epilobium ×obscurescens Kitchener & McKean;Epilobium brunnescens;ecoflora
Epilobium x vicinum;name;Epilobium ×vicinum;Epilobium obscurum;ecoflora
Epilobium x vicinum;name;Epilobium ×vicinum;Epilobium ciliatum;ecoflora
Erica x darleyensis Bean;name;Erica ×darleyensis Bean;Erica erigena;ecoflora
Erica x darleyensis Bean;name;Erica ×darleyensis Bean;Erica carnea;ecoflora
Erysimum x marshallii (Henfr.) Bois;name;Erysimum ×marshallii (Henfr.) Bois;Erysimum decumbens;ecoflora
Erysimum x marshallii (Henfr.) Bois;name;Erysimum ×marshallii (Henfr.) Bois;Erysimum perofskianum;ecoflora
Euphorbia x gayeri Boros & Soó;name;Euphorbia ×gayeri Boros & Soó;Euphorbia cyparissias;ecoflora
Euphorbia x gayeri Boros & Soó;name;Euphorbia ×gayeri Boros & Soó;Euphorbia waldsteinii;ecoflora
Euphorbia x pseudoesula Schur;name;Euphorbia ×pseudoesula Schur;Euphorbia esula;ecoflora
Euphorbia x pseudoesula Schur;name;Euphorbia ×pseudoesula Schur;Euphorbia cyparissias;ecoflora
Euphorbia x pseudovirgata (Schur) Soó;name;Euphorbia ×pseudovirgata (Schur) Soó;Euphorbia esula;ecoflora
Euphorbia x pseudovirgata (Schur) Soó;name;Euphorbia ×pseudovirgata (Schur) Soó;Euphorbia waldsteinii;ecoflora
Fallopia x bohemica (Chrtek & Chrtková) J.P. Bailey;name;Fallopia ×bohemica (Chrtek & Chrtková) J.P. Bailey;Fallopia japonica;ecoflora
Fallopia x bohemica (Chrtek & Chrtková) J.P. Bailey;name;Fallopia ×bohemica (Chrtek & Chrtková) J.P. Bailey;Fallopia sachalinensis;ecoflora
Fallopia x conollyana J.P. Bailey;name;Fallopia ×conollyana J.P. Bailey;Fallopia japonica;ecoflora
Fallopia x conollyana J.P. Bailey;name;Fallopia ×conollyana J.P. Bailey;Fallopia baldschuanica;ecoflora
Festuca arundinacea x Lolium multiflorum;formula;Festuca arundinacea × Lolium multiflorum;Festuca arundinacea;ecoflora
Festuca arundinacea x Lolium multiflorum;formula;Festuca arundinacea × Lolium multiflorum;Lolium multiflorum;ecoflora
Festuca rubra x Vulpia myuros;formula;Festuca rubra × Vulpia myuros;Festuca rubra;ecoflora
Festuca rubra x Vulpia myuros;formula;Festuca rubra × Vulpia myuros;Vulpia myuros;ecoflora
Forsythia x intermedia hort. ex Zabel;name;Forsythia ×intermedia hort. ex Zabel;Forsythia suspensa;ecoflora
Forsythia x intermedia hort. ex Zabel;name;Forsythia ×intermedia hort. ex Zabel;Forsythia viridissima;ecoflora
Fumaria officinalis x densiflora;formula;Fumaria officinalis × densiflora;Fumaria officinalis;ecoflora
Fumaria officinalis x densiflora;formula;Fumaria officinalis × densiflora;Fumaria densiflora;ecoflora
Fumaria officinalis x parviflora;formula;Fumaria officinalis × parviflora;Fumaria officinalis;ecoflora
Fumaria officinalis x parviflora;formula;Fumaria officinalis × parviflora;Fumaria parviflora;ecoflora
Fumaria x painteri Pugsley;name;Fumaria ×painteri Pugsley;Fumaria muralis;ecoflora
Fumaria x painteri Pugsley;name;Fumaria ×painteri Pugsley;Fumaria officinalis;ecoflora
Gaillardia x grandiflora hort. ex Van Houtte;name;Gaillardia ×grandiflora hort. ex Van Houtte;Gaillardia aristata;ecoflora
Gaillardia x grandiflora hort. ex Van Houtte;name;Gaillardia ×grandiflora hort. ex Van Houtte;Gaillardia pulchella;ecoflora
Galanthus elwesii x plicatus;formula;Galanthus elwesii × plicatus;Galanthus elwesii;ecoflora
Galanthus elwesii x plicatus;formula;Galanthus elwesii × plicatus;Galanthus plicatus;ecoflora
Galanthus nivalis x elwesii;formula;Galanthus nivalis × elwesii;Galanthus nivalis;ecoflora
Galanthus nivalis x elwesii;formula;Galanthus nivalis × elwesii;Galanthus elwesii;ecoflora
Galanthus nivalis x plicatus;formula;Galanthus nivalis × plicatus;Galanthus nivalis;ecoflora
Galanthus nivalis x plicatus;formula;Galanthus nivalis × plicatus;Galanthus plicatus;ecoflora
Galium x pomeranicum Retz.;name;Galium ×pomeranicum Retz.;Galium verum;ecoflora
Galium x pomeranicum Retz.;name;Galium ×pomeranicum Retz.;Galium mollugo;ecoflora
Gaultheria x wisleyensis D.J. Middleton;name;Gaultheria ×wisleyensis D.J. Middleton;Gaultheria shallon;ecoflora
Gaultheria x wisleyensis D.J. Middleton;name;Gaultheria ×wisleyensis D.J. Middleton;Gaultheria mucronata;ecoflora
Geranium x magnificum Hyl.;name;Geranium ×magnificum Hyl.;Geranium ibericum;ecoflora
Geranium x magnificum Hyl.;name;Geranium ×magnificum Hyl.;Geranium platypetalum;ecoflora
Geranium x monacense Harz;name;Geranium ×monacense Harz;Geranium phaeum;ecoflora
Geranium x monacense Harz;name;Geranium ×monacense Harz;Geranium reflexum;ecoflora
Geranium x oxonianum Yeo;name;Geranium ×oxonianum Yeo;Geranium endressii;ecoflora
Geranium x oxonianum Yeo;name;Geranium ×oxonianum Yeo;Geranium versicolor;ecoflora
Glyceria x pedicellata F. Towns.;name;Glyceria ×pedicellata F. Towns.;Glyceria fluitans;ecoflora
Glyceria x pedicellata F. Towns.;name;Glyceria ×pedicellata F. Towns.;Glyceria notata;ecoflora
Hebe x franciscana (Eastw.) Souster;name;Hebe ×franciscana (Eastw.) Souster;Hebe elliptica;ecoflora
Hebe x franciscana (Eastw.) Souster;name;Hebe ×franciscana (Eastw.) Souster;Hebe speciosa;ecoflora
Hebe x lewisii (J.B. Armstr.) A. Wall;name;Hebe ×lewisii (J.B. Armstr.) A. Wall;Hebe salicifolia;ecoflora
Hebe x lewisii (J.B. Armstr.) A. Wall;name;Hebe ×lewisii (J.B. Armstr.) A. Wall;Hebe elliptica;ecoflora
Helianthus rigidus x tuberosus;formula;Helianthus rigidus × tuberosus;Helianthus rigidus;ecoflora
Helianthus rigidus x tuberosus;formula;Helianthus rigidus × tuberosus;Helianthus tuberosus;ecoflora
Helianthus x multiflorus L.;name;Helianthus ×multiflorus L.;Helianthus annuus;ecoflora
Helianthus x multiflorus L.;name;Helianthus ×multiflorus L.;Helianthus decapetalus;ecoflora
Heracleum sphondylium x mantegazzianum;formula;Heracleum sphondylium × mantegazzianum;Heracleum sphondylium;ecoflora
Heracleum sphondylium x mantegazzianum;formula;Heracleum sphondylium × mantegazzianum;Heracleum mantegazzianum;ecoflora
Hyacinthoides x massartiana Geerinck;name;Hyacinthoides ×massartiana Geerinck;Hyacinthoides non-scripta;ecoflora
Hyacinthoides x massartiana Geerinck;name;Hyacinthoides ×massartiana Geerinck;Hyacinthoides hispanica;ecoflora
Hypericum x inodorum Mill.;name;Hypericum ×inodorum Mill.;Hypericum androsaemum;ecoflora
Hypericum x inodorum Mill.;name;Hypericum ×inodorum Mill.;Hypericum hircinum;ecoflora
Ilex x altaclerensis (hort. ex Loudon) Dallim.;name;Ilex ×altaclerensis (hort. ex Loudon) Dallim.;Ilex aquifolium;ecoflora
Ilex x altaclerensis (hort. ex Loudon) Dallim.;name;Ilex ×altaclerensis (hort. ex Loudon) Dallim.;Ilex perado;ecoflora
Iris x hollandica hort. nom. nud.;name;Iris ×hollandica hort. nom. nud.;Iris filifolia;ecoflora
Iris x hollandica hort. nom. nud.;name;Iris ×hollandica hort. nom. nud.;Iris tingitana;ecoflora
Iris x robusta E.S. Anderson;name;Iris ×robusta E.S. Anderson;Iris versicolor;ecoflora
Iris x robusta E.S. Anderson;name;Iris ×robusta E.S. Anderson;Iris virginica;ecoflora
Juncus inflexus x pallidus;formula;Juncus inflexus × pallidus;Juncus inflexus;ecoflora
Juncus inflexus x pallidus;formula;Juncus inflexus × pallidus;Juncus pallidus;ecoflora
Laburnum x watereri (Wettst.) Dippel;name;Laburnum ×watereri (Wettst.) Dippel;Laburnum anagyroides;ecoflora
Laburnum x watereri (Wettst.) Dippel;name;Laburnum ×watereri (Wettst.) Dippel;Laburnum alpinum;ecoflora
Larix x marschlinsii Coaz;name;Larix ×marschlinsii Coaz;Larix decidua;ecoflora
Larix x marschlinsii Coaz;name;Larix ×marschlinsii Coaz;Larix kaempferi;ecoflora
Lavandula x intermedia Loisel.;name;Lavandula ×intermedia Loisel.;Lavandula angustifolia;ecoflora
Lavandula x intermedia Loisel.;name;Lavandula ×intermedia Loisel.;Lavandula latifolia;ecoflora
Leucanthemum x superbum;name;Leucanthemum ×superbum;Leucanthemum lacustre;ecoflora
Leucanthemum x superbum;name;Leucanthemum ×superbum;Leucanthemum maximum;ecoflora
Linaria x cornubiensis Druce;name;Linaria ×cornubiensis Druce;Linaria repens;ecoflora
Linaria x cornubiensis Druce;name;Linaria ×cornubiensis Druce;Linaria supina;ecoflora
Linaria x dominii Druce;name;Linaria ×dominii Druce;Linaria purpurea;ecoflora
Linaria x dominii Druce;name;Linaria ×dominii Druce;Linaria repens;ecoflora
Linaria x sepium J.G. Allman;name;Linaria ×sepium J.G. Allman;Linaria vulgaris;ecoflora
Linaria x sepium J.G. Allman;name;Linaria ×sepium J.G. Allman;Linaria repens;ecoflora
Lolium x boucheanum Kunth;name;Lolium ×boucheanum Kunth;Lolium perenne;ecoflora
Lolium x boucheanum Kunth;name;Lolium ×boucheanum Kunth;Lolium multiflorum;ecoflora
Lonicera x italica Schmidt ex Tausch;name;Lonicera ×italica Schmidt ex Tausch;Lonicera caprifolium;ecoflora
Lonicera x italica Schmidt ex Tausch;name;Lonicera ×italica Schmidt ex Tausch;Lonicera etrusca;ecoflora
Lupinus arboreus x nootkatensis x polyphyllus;formula;Lupinus arboreus × nootkatensis × polyphyllus;Lupinus arboreus;ecoflora
Lupinus arboreus x nootkatensis x polyphyllus;formula;Lupinus arboreus × nootkatensis × polyphyllus;Lupinus nootkatensis;ecoflora
Lupinus arboreus x nootkatensis x polyphyllus;formula;Lupinus arboreus × nootkatensis × polyphyllus;Lupinus polyphyllus;ecoflora
Lupinus x pseudopolyphyllus C.P. Sm.;name;Lupinus ×pseudopolyphyllus C.P. Sm.;Lupinus polyphyllus;ecoflora
Lupinus x pseudopolyphyllus C.P. Sm.;name;Lupinus ×pseudopolyphyllus C.P. Sm.;Lupinus nootkatensis;ecoflora
Lupinus x regalis Bergmans;name;Lupinus ×regalis Bergmans;Lupinus arboreus;ecoflora
Lupinus x regalis Bergmans;name;Lupinus ×regalis Bergmans;Lupinus polyphyllus;ecoflora
Macleaya x kewensis Turrill;name;Macleaya ×kewensis Turrill;Macleaya cordata;ecoflora
Macleaya x kewensis Turrill;name;Macleaya ×kewensis Turrill;Macleaya microcarpa;ecoflora
Mahonia x decumbens Stace;name;Mahonia ×decumbens Stace;Mahonia aquifolium;ecoflora
Mahonia x decumbens Stace;name;Mahonia ×decumbens Stace;Mahonia repens;ecoflora
Malus x purpurea (E. Barbier) Rehder;name;Malus ×purpurea (E. Barbier) Rehder;Malus atrosanguinea;ecoflora
Malus x purpurea (E. Barbier) Rehder;name;Malus ×purpurea (E. Barbier) Rehder;Malus niedzwetskyana;ecoflora
Mentha x gracilis Sole;name;Mentha ×gracilis Sole;Mentha arvensis;ecoflora
Mentha x gracilis Sole;name;Mentha ×gracilis Sole;Mentha spicata;ecoflora
Mentha x piperita L.;name;Mentha ×piperita L.;Mentha aquatica;ecoflora
Mentha x piperita L.;name;Mentha ×piperita L.;Mentha spicata;ecoflora
Mentha x rotundifolia (L.) Huds.;name;Mentha ×rotundifolia (L.) Huds.;Mentha suaveolens;ecoflora
Mentha x rotundifolia (L.) Huds.;name;Mentha ×rotundifolia (L.) Huds.;Mentha longifolia;ecoflora
Mentha x smithiana R.A. Graham;name;Mentha ×smithiana R.A. Graham;Mentha arvensis;ecoflora
Mentha x smithiana R.A. Graham;name;Mentha ×smithiana R.A. Graham;Mentha aquatica;ecoflora
Mentha x smithiana R.A. Graham;name;Mentha ×smithiana R.A. Graham;Mentha spicata;ecoflora
Mentha x verticillata L.;name;Mentha ×verticillata L.;Mentha arvensis;ecoflora
Mentha x verticillata L.;name;Mentha ×verticillata L.;Mentha aquatica;ecoflora
Mentha x villosa Huds;name;Mentha ×villosa Huds;Mentha spicata;ecoflora
Mentha x villosa Huds;name;Mentha ×villosa Huds;Mentha suaveolens;ecoflora
Mentha x villosonervata Opiz;name;Mentha ×villosonervata Opiz;Mentha spicata;ecoflora
Mentha x villosonervata Opiz;name;Mentha ×villosonervata Opiz;Mentha longifolia;ecoflora
Mimulus guttatus x luteus x cupreus;formula;Mimulus guttatus × luteus × cupreus;Mimulus guttatus;ecoflora
Mimulus guttatus x luteus x cupreus;formula;Mimulus guttatus × luteus × cupreus;Mimulus luteus;ecoflora
Mimulus guttatus x luteus x cupreus;formula;Mimulus guttatus × luteus × cupreus;Mimulus cupreus;ecoflora
Mimulus x burnetii S. Arn.;name;Mimulus ×burnetii S. Arn.;Mimulus guttatus;ecoflora
Mimulus x burnetii S. Arn.;name;Mimulus ×burnetii S. Arn.;Mimulus cupreus;ecoflora
Mimulus x maculosus T. Moore;name;Mimulus ×maculosus T. Moore;Mimulus luteus;ecoflora
Mimulus x maculosus T. Moore;name;Mimulus ×maculosus T. Moore;Mimulus cupreus;ecoflora
Mimulus x robertsii Silverside;name;Mimulus ×robertsii Silverside;Mimulus guttatus;ecoflora
Mimulus x robertsii Silverside;name;Mimulus ×robertsii Silverside;Mimulus luteus;ecoflora
Narcissus x incomparabilis Mill.;name;Narcissus ×incomparabilis Mill.;Narcissus poeticus;ecoflora
Narcissus x incomparabilis Mill.;name;Narcissus ×incomparabilis Mill.;Narcissus pseudonarcissus;ecoflora
Narcissus x medioluteus Mill.;name;Narcissus ×medioluteus Mill.;Narcissus tazetta;ecoflora
Narcissus x medioluteus Mill.;name;Narcissus ×medioluteus Mill.;Narcissus poeticus;ecoflora
Narcissus x monochromus P.D. Sell;name;Narcissus ×monochromus P.D. Sell;Narcissus pseudonarcissus;ecoflora
Narcissus x monochromus P.D. Sell;name;Narcissus ×monochromus P.D. Sell;Narcissus cyclamineus;ecoflora
Narcissus x odorus L.;name;Narcissus ×odorus L.;Narcissus pseudonarcissus;ecoflora
Narcissus x odorus L.;name;Narcissus ×odorus L.;Narcissus jonquilla;ecoflora
Nepeta x faassenii Bergmans ex Stearn;name;Nepeta ×faassenii Bergmans ex Stearn;Nepeta nepetella;ecoflora
Nepeta x faassenii Bergmans ex Stearn;name;Nepeta ×faassenii Bergmans ex Stearn;Nepeta racemosa;ecoflora
Nicotiana x sanderae W. Watson;name;Nicotiana ×sanderae W. Watson;Nicotiana alata;ecoflora
Nicotiana x sanderae W. Watson;name;Nicotiana ×sanderae W. Watson;Nicotiana forgetiana;ecoflora
Nothofagus nervosa x obliqua;formula;Nothofagus nervosa × obliqua;Nothofagus nervosa;ecoflora
Nothofagus nervosa x obliqua;formula;Nothofagus nervosa × obliqua;Nothofagus obliqua;ecoflora
Oenothera biennis x cambrica;formula;Oenothera biennis × cambrica;Oenothera biennis;ecoflora
Oenothera biennis x cambrica;formula;Oenothera biennis × cambrica;Oenothera cambrica;ecoflora
Oenothera x britannica Rostanski;name;Oenothera ×britannica Rostanski;Oenothera glazioviana;ecoflora
Oenothera x britannica Rostanski;name;Oenothera ×britannica Rostanski;Oenothera cambrica;ecoflora
Oenothera x fallax Renner;name;Oenothera ×fallax Renner;Oenothera glazioviana;ecoflora
Oenothera x fallax Renner;name;Oenothera ×fallax Renner;Oenothera biennis;ecoflora
Olearia x haastii Hook. f.;name;Olearia ×haastii Hook. f.;Olearia avicenniifolia;ecoflora
Olearia x haastii Hook. f.;name;Olearia ×haastii Hook. f.;Olearia moschata;ecoflora
Papaver x hungaricum Borbás;name;Papaver ×hungaricum Borbás;Papaver rhoeas;ecoflora
Papaver x hungaricum Borbás;name;Papaver ×hungaricum Borbás;Papaver dubium;ecoflora
Petunia x hybrida (Hook.) Vilm.;name;Petunia ×hybrida (Hook.) Vilm.;Petunia axillaris;ecoflora
Petunia x hybrida (Hook.) Vilm.;name;Petunia ×hybrida (Hook.) Vilm.;Petunia integrifolia;ecoflora
Philadelphus x virginalis Rehder;name;Philadelphus ×virginalis Rehder;Philadelphus coronarius;ecoflora
Philadelphus x virginalis Rehder;name;Philadelphus ×virginalis Rehder;Philadelphus microphyllus;ecoflora
Philadelphus x virginalis Rehder;name;Philadelphus ×virginalis Rehder;Philadelphus pubescens;ecoflora
Pilosella x floribunda (Wimm. & Grab.) Arv.-Touv.;name;Pilosella ×floribunda (Wimm. & Grab.) Arv.-Touv.;Pilosella caespitosa;ecoflora
Pilosella x floribunda (Wimm. & Grab.) Arv.-Touv.;name;Pilosella ×floribunda (Wimm. & Grab.) Arv.-Touv.;Pilosella lactucella;ecoflora
Pilosella x stoloniflora (Waldst. & Kit.) F.W. Schultz & Sch. Bip.;name;Pilosella ×stoloniflora (Waldst. & Kit.) F.W. Schultz & Sch. Bip.;Pilosella officinarum;ecoflora
Pilosella x stoloniflora (Waldst. & Kit.) F.W. Schultz & Sch. Bip.;name;Pilosella ×stoloniflora (Waldst. & Kit.) F.W. Schultz & Sch. Bip.;Pilosella aurantiaca;ecoflora
Platanus x hispanica Mill. ex Münchh.;name;Platanus ×hispanica Mill. ex Münchh.;Platanus occidentalis;ecoflora
Platanus x hispanica Mill. ex Münchh.;name;Platanus ×hispanica Mill. ex Münchh.;Platanus orientalis;ecoflora
Poa x jemtlandica (Almq.) K. Richt.;name;Poa ×jemtlandica (Almq.) K. Richt.;Poa flexuosa;ecoflora
Poa x jemtlandica (Almq.) K. Richt.;name;Poa ×jemtlandica (Almq.) K. Richt.;Poa alpina;ecoflora
Polygonatum x hybridum Brügger;name;Polygonatum ×hybridum Brügger;Polygonatum multiflorum;ecoflora
Polygonatum x hybridum Brügger;name;Polygonatum ×hybridum Brügger;Polygonatum odoratum;ecoflora
Populus x canescens (Aiton) Sm.;name;Populus ×canescens (Aiton) Sm.;Populus alba;ecoflora
Populus x canescens (Aiton) Sm.;name;Populus ×canescens (Aiton) Sm.;Populus tremula;ecoflora
Populus x berolinensis (K. Koch) Dippel;name;Populus ×berolinensis (K. Koch) Dippel;Populus nigra;ecoflora
Populus x berolinensis (K. Koch) Dippel;name;Populus ×berolinensis (K. Koch) Dippel;Populus laurifolia;ecoflora
Populus x canadensis Moench;name;Populus ×canadensis Moench;Populus nigra;ecoflora
Populus x canadensis Moench;name;Populus ×canadensis Moench;Populus deltoides;ecoflora
Populus x generosa A. Henry;name;Populus ×generosa A. Henry;Populus trichocarpa;ecoflora
Populus x generosa A. Henry;name;Populus ×generosa A. Henry;Populus deltoides;ecoflora
Populus x jackii Sarg.;name;Populus ×jackii Sarg.;Populus balsamifera;ecoflora
Populus x jackii Sarg.;name;Populus ×jackii Sarg.;Populus deltoides;ecoflora
Populus x jackii x P. nigra;name;Populus ×jackii × P. nigra;Populus × jackii;ecoflora
Populus x jackii x P. nigra;name;Populus ×jackii × P. nigra;Populus nigra;ecoflora
Prunella x intermedia Link;name;Prunella ×intermedia Link;Prunella vulgaris;ecoflora
Prunella x intermedia Link;name;Prunella ×intermedia Link;Prunella laciniata;ecoflora
Prunus x fruticans Weihe;name;Prunus ×fruticans Weihe;Prunus spinosa;ecoflora
Prunus x fruticans Weihe;name;Prunus ×fruticans Weihe;Prunus domestica;ecoflora
Qercus x crenata Lam.;name;Qercus ×crenata Lam.;Quercus cerris;ecoflora
Qercus x crenata Lam.;name;Qercus ×crenata Lam.;Qercus suber;ecoflora
Quercus cerris x robur;formula;Quercus cerris × robur;Quercus cerris;ecoflora
Quercus cerris x robur;formula;Quercus cerris × robur;Quercus robur;ecoflora
Raphanus x micranthus (Uechtr.) O.E. Schulz;name;Raphanus ×micranthus (Uechtr.) O.E. Schulz;Raphanus raphanistrum;ecoflora
Raphanus x micranthus (Uechtr.) O.E. Schulz;name;Raphanus ×micranthus (Uechtr.) O.E. Schulz;Raphanus sativus;ecoflora
Rheum x hybridum Murray;name;Rheum ×hybridum Murray;Rheum palmatum;ecoflora
Rheum x hybridum Murray;name;Rheum ×hybridum Murray;Rheum rhaponticum;ecoflora
Rorippa x armoracioides (Tausch) Fuss;name;Rorippa ×armoracioides (Tausch) Fuss;Rorippa sylvestris;ecoflora
Rorippa x armoracioides (Tausch) Fuss;name;Rorippa ×armoracioides (Tausch) Fuss;Rorippa austriaca;ecoflora
Rorippa x hungarica Borbás;name;Rorippa ×hungarica Borbás;Rorippa amphibia;ecoflora
Rorippa x hungarica Borbás;name;Rorippa ×hungarica Borbás;Rorippa austriaca;ecoflora
Rosa x alba L.;name;Rosa ×alba L.;Rosa arvensis;ecoflora
Rosa x alba L.;name;Rosa ×alba L.;Rosa gallica;ecoflora
Rosa x paulii Rehder;name;Rosa ×paulii Rehder;Rosa arvensis;ecoflora
Rosa x paulii Rehder;name;Rosa ×paulii Rehder;Rosa rugosa;ecoflora
Rosa x praegeri Wolley-Dod;name;Rosa ×praegeri Wolley-Dod;Rosa rugosa;ecoflora
Rosa x praegeri Wolley-Dod;name;Rosa ×praegeri Wolley-Dod;Rosa canina;ecoflora
Rubus x fraseri Rehder;name;Rubus ×fraseri Rehder;Rubus odoratus;ecoflora
Rubus x fraseri Rehder;name;Rubus ×fraseri Rehder;Rubus parviflorus;ecoflora
Rubus x paxii Focke;name;Rubus ×paxii Focke;Rubus idaeus;ecoflora
Rubus x paxii Focke;name;Rubus ×paxii Focke;Rubus phoenicolasius;ecoflora
Rumex cristatus x conglomeratus;formula;Rumex cristatus × conglomeratus;Rumex cristatus;ecoflora
Rumex cristatus x conglomeratus;formula;Rumex cristatus × conglomeratus;Rumex conglomeratus;ecoflora
Rumex patientia x conglomeratus;formula;Rumex patientia × conglomeratus;Rumex patientia;ecoflora
Rumex patientia x conglomeratus;formula;Rumex patientia × conglomeratus;Rumex conglomeratus;ecoflora
Rumex x akeroydii Rumsey;name;Rumex ×akeroydii Rumsey;Rumex cristatus;ecoflora
Rumex x akeroydii Rumsey;name;Rumex ×akeroydii Rumsey;Rumex palustris;ecoflora
Rumex x borbasii Blocki;name;Rumex ×borbasii Blocki;Rumex confertus;ecoflora
Rumex x borbasii Blocki;name;Rumex ×borbasii Blocki;Rumex obtusifolius;ecoflora
Rumex x confusus Simonk;name;Rumex ×confusus Simonk;Rumex patientia;ecoflora
Rumex x confusus Simonk;name;Rumex ×confusus Simonk;Rumex crispus;ecoflora
Rumex x cornubiensis Holyoak;name;Rumex ×cornubiensis Holyoak;Rumex frutescens;ecoflora
Rumex x cornubiensis Holyoak;name;Rumex ×cornubiensis Holyoak;Rumex obtusifolius;ecoflora
Rumex x dimidiatus Hausskn.;name;Rumex ×dimidiatus Hausskn.;Rumex cristatus;ecoflora
Rumex x dimidiatus Hausskn.;name;Rumex ×dimidiatus Hausskn.;Rumex crispus;ecoflora
Rumex x erubescens Simonk.;name;Rumex ×erubescens Simonk.;Rumex patientia;ecoflora
Rumex x erubescens Simonk.;name;Rumex ×erubescens Simonk.;Rumex obtusifolius;ecoflora
Rumex x lousleyi D.H. Kent;name;Rumex ×lousleyi D.H. Kent;Rumex cristatus;ecoflora
Rumex x lousleyi D.H. Kent;name;Rumex ×lousleyi D.H. Kent;Rumex obtusifolius;ecoflora
Rumex x skofitzii Blocki;name;Rumex ×skofitzii Blocki;Rumex confertus;ecoflora
Rumex x skofitzii Blocki;name;Rumex ×skofitzii Blocki;Rumex crispus;ecoflora
Sagina x normaniana Lagerh.;name;Sagina ×normaniana Lagerh.;Sagina saginoides;ecoflora
Sagina x normaniana Lagerh.;name;Sagina ×normaniana Lagerh.;Sagina procumbens;ecoflora
Salix x alopecuroides Tausch ex Opiz;name;Salix ×alopecuroides Tausch ex Opiz;Salix fragilis;ecoflora
Salix x alopecuroides Tausch ex Opiz;name;Salix ×alopecuroides Tausch ex Opiz;Salix triandra;ecoflora
Salix x angusensis Rech. f.;name;Salix ×angusensis Rech. f.;Salix viminalis;ecoflora
Salix x angusensis Rech. f.;name;Salix ×angusensis Rech. f.;Salix cinerea;ecoflora
Salix x angusensis Rech. f.;name;Salix ×angusensis Rech. f.;Salix repens;ecoflora
Salix x calodendron Wimm;name;Salix ×calodendron Wimm;Salix viminalis;ecoflora
Salix x calodendron Wimm;name;Salix ×calodendron Wimm;Salix caprea;ecoflora
Salix x calodendron Wimm;name;Salix ×calodendron Wimm;Salix cinerea;ecoflora
Salix x ehrhartiana Sm.;name;Salix ×ehrhartiana Sm.;Salix pentandra;ecoflora
Salix x ehrhartiana Sm.;name;Salix ×ehrhartiana Sm.;Salix alba;ecoflora
Salix x forbyana Sm.;name;Salix ×forbyana Sm.;Salix purpurea;ecoflora
Salix x forbyana Sm.;name;Salix ×forbyana Sm.;Salix viminalis;ecoflora
Salix x forbyana Sm.;name;Salix ×forbyana Sm.;Salix cinerea;ecoflora
Salix x friesiana Andersson;name;Salix ×friesiana Andersson;Salix viminalis;ecoflora
Salix x friesiana Andersson;name;Salix ×friesiana Andersson;Salix repens;ecoflora
Salix x fruticosa Döll;name;Salix ×fruticosa Döll;Salix viminalis;ecoflora
Salix x fruticosa Döll;name;Salix ×fruticosa Döll;Salix aurita;ecoflora
Salix x hirtii Strähler;name;Salix ×hirtii Strähler;Salix viminalis;ecoflora
Salix x hirtii Strähler;name;Salix ×hirtii Strähler;Salix cinerea;ecoflora
Salix x hirtii Strähler;name;Salix ×hirtii Strähler;Salix aurita;ecoflora
Salix x holosericea Willd.;name;Salix ×holosericea Willd.;Salix viminalis;ecoflora
Salix x holosericea Willd.;name;Salix ×holosericea Willd.;Salix cinerea;ecoflora
Salix x meyeriana Rostk. ex Willd.;name;Salix ×meyeriana Rostk. ex Willd.;Salix pentandra;ecoflora
Salix x meyeriana Rostk. ex Willd.;name;Salix ×meyeriana Rostk. ex Willd.;Salix fragilis;ecoflora
Salix x mollissima Hoffm. ex Elwert;name;Salix ×mollissima Hoffm. ex Elwert;Salix triandra;ecoflora
Salix x mollissima Hoffm. ex Elwert;name;Salix ×mollissima Hoffm. ex Elwert;Salix viminalis;ecoflora
Salix x pendulina Wender;name;Salix ×pendulina Wender;Salix fragilis;ecoflora
Salix x pendulina Wender;name;Salix ×pendulina Wender;Salix babylonica;ecoflora
Salix x rubens Schrank;name;Salix ×rubens Schrank;Salix fragilis;ecoflora
Salix x rubens Schrank;name;Salix ×rubens Schrank;Salix alba;ecoflora
Salix x rubra Huds.;name;Salix ×rubra Huds.;Salix purpurea;ecoflora
Salix x rubra Huds.;name;Salix ×rubra Huds.;Salix viminalis;ecoflora
Salix x seminigricans E.G. Camus & A. Camus;name;Salix ×seminigricans E.G. Camus & A. Camus;Salix viminalis;ecoflora
Salix x seminigricans E.G. Camus & A. Camus;name;Salix ×seminigricans E.G. Camus & A. Camus;Salix myrsinifolia;ecoflora
Salix x sepulcralis Simonk.;name;Salix ×sepulcralis Simonk.;Salix alba;ecoflora
Salix x sepulcralis Simonk.;name;Salix ×sepulcralis Simonk.;Salix babylonica;ecoflora
Salix x smithiana Willd.;name;Salix ×smithiana Willd.;Salix viminalis;ecoflora
Salix x smithiana Willd.;name;Salix ×smithiana Willd.;Salix caprea;ecoflora
Salix x stipularis Sm.;name;Salix ×stipularis Sm.;Salix viminalis;ecoflora
Salix x stipularis Sm.;name;Salix ×stipularis Sm.;Salix caprea;ecoflora
Salix x stipularis Sm.;name;Salix ×stipularis Sm.;Salix aurita;ecoflora
Salix x taylorii Rech. f.;name;Salix ×taylorii Rech. f.;Salix purpurea;ecoflora
Salix x taylorii Rech. f.;name;Salix ×taylorii Rech. f.;Salix viminalis;ecoflora
Salix x taylorii Rech. f.;name;Salix ×taylorii Rech. f.;Salix caprea;ecoflora
Salix x taylorii Rech. f.;name;Salix ×taylorii Rech. f.;Salix cinerea;ecoflora
Saxifraga x geum L.;name;Saxifraga ×geum L.;Saxifraga umbrosa;ecoflora
Saxifraga x geum L.;name;Saxifraga ×geum L.;Saxifraga hirsuta;ecoflora
Saxifraga x polita (Haw.) Link;name;Saxifraga ×polita (Haw.) Link;Saxifraga spathularis;ecoflora
Saxifraga x polita (Haw.) Link;name;Saxifraga ×polita (Haw.) Link;Saxifraga hirsuta;ecoflora
Saxifraga x urbium D.A. Webb;name;Saxifraga ×urbium D.A. Webb;Saxifraga umbrosa;ecoflora
Saxifraga x urbium D.A. Webb;name;Saxifraga ×urbium D.A. Webb;Saxifraga spathularis;ecoflora
Senecio x albescens Burb. & Colgan;name;Senecio ×albescens Burb. & Colgan;Senecio cineraria;ecoflora
Senecio x albescens Burb. & Colgan;name;Senecio ×albescens Burb. & Colgan;Senecio jacobaea;ecoflora
Senecio x baxteri Druce;name;Senecio ×baxteri Druce;Senecio squalidus;ecoflora
Senecio x baxteri Druce;name;Senecio ×baxteri Druce;Senecio vulgaris;ecoflora
Senecio x helwingii Beger ex Hegi;name;Senecio ×helwingii Beger ex Hegi;Senecio vulgaris;ecoflora
Senecio x helwingii Beger ex Hegi;name;Senecio ×helwingii Beger ex Hegi;Senecio vernalis;ecoflora
Senecio x subnebrodensis Simonk.;name;Senecio ×subnebrodensis Simonk.;Senecio squalidus;ecoflora
Senecio x subnebrodensis Simonk.;name;Senecio ×subnebrodensis Simonk.;Senecio viscosus;ecoflora
Senecio x thuretii Briq. & Cavill.;name;Senecio ×thuretii Briq. & Cavill.;Senecio cineraria;ecoflora
Senecio x thuretii Briq. & Cavill.;name;Senecio ×thuretii Briq. & Cavill.;Senecio erucifolius;ecoflora
Senecio x viscidulus Scheele;name;Senecio ×viscidulus Scheele;Senecio sylvaticus;ecoflora
Senecio x viscidulus Scheele;name;Senecio ×viscidulus Scheele;Senecio viscosus;ecoflora
Silene x hampeana Meusel & K. Werner;name;Silene ×hampeana Meusel & K. Werner;Silene latifolia;ecoflora
Silene x hampeana Meusel & K. Werner;name;Silene ×hampeana Meusel & K. Werner;Silene dioica;ecoflora
Solanum x procurrens A.C. Leslie;name;Solanum ×procurrens A.C. Leslie;Solanum nigrum;ecoflora
Solanum x procurrens A.C. Leslie;name;Solanum ×procurrens A.C. Leslie;Solanum physalifolium;ecoflora
Solidago x niederederi Khek;name;Solidago ×niederederi Khek;Solidago virgaurea;ecoflora
Solidago x niederederi Khek;name;Solidago ×niederederi Khek;Solidago canadensis;ecoflora
Sorbus aucuparia x intermedia;formula;Sorbus aucuparia × intermedia;Sorbus aucuparia;ecoflora
Sorbus aucuparia x intermedia;formula;Sorbus aucuparia × intermedia;Sorbus intermedia;ecoflora
Spartina x townsendii H. Groves & J. Groves;name;Spartina ×townsendii H. Groves & J. Groves;Spartina maritima;ecoflora
Spartina x townsendii H. Groves & J. Groves;name;Spartina ×townsendii H. Groves & J. Groves;Spartina alterniflora;ecoflora
Spiraea x arguta Zabel;name;Spiraea ×arguta Zabel;Spiraea multiflora;ecoflora
Spiraea x arguta Zabel;name;Spiraea ×arguta Zabel;Spiraea thunbergii;ecoflora
Spiraea x billardii Hérincq;name;Spiraea ×billardii Hérincq;Spiraea alba;ecoflora
Spiraea x billardii Hérincq;name;Spiraea ×billardii Hérincq;Spiraea douglasii;ecoflora
Spiraea x brachybotrys Lange;name;Spiraea ×brachybotrys Lange;Spiraea douglasii;ecoflora
Spiraea x brachybotrys Lange;name;Spiraea ×brachybotrys Lange;Spiraea canescens;ecoflora
Spiraea x pseudosalicifolia Silverside;name;Spiraea ×pseudosalicifolia Silverside;Spiraea salicifolia;ecoflora
Spiraea x pseudosalicifolia Silverside;name;Spiraea ×pseudosalicifolia Silverside;Spiraea douglasii;ecoflora
Spiraea x rosalba Dippel;name;Spiraea ×rosalba Dippel;Spiraea salicifolia;ecoflora
Spiraea x rosalba Dippel;name;Spiraea ×rosalba Dippel;Spiraea alba;ecoflora
Spiraea x vanhouttei (Briot) Carrière;name;Spiraea ×vanhouttei (Briot) Carrière;Spiraea cantoniensis;ecoflora
Spiraea x vanhouttei (Briot) Carrière;name;Spiraea ×vanhouttei (Briot) Carrière;Spiraea trilobata;ecoflora
Symphoricarpos x chenaultii Rehder;name;Symphoricarpos ×chenaultii Rehder;Symphoricarpos microphyllus;ecoflora
Symphoricarpos x chenaultii Rehder;name;Symphoricarpos ×chenaultii Rehder;Symphoricarpos orbiculatus;ecoflora
Symphytum officinale x asperum x tuberosum;formula;Symphytum officinale × asperum × tuberosum;Symphytum officinale;ecoflora
Symphytum officinale x asperum x tuberosum;formula;Symphytum officinale × asperum × tuberosum;Symphytum asperum;ecoflora
Symphytum officinale x asperum x tuberosum;formula;Symphytum officinale × asperum × tuberosum;Symphytum tuberosum;ecoflora
Symphytum x uplandicum Nyman;name;Symphytum ×uplandicum Nyman;Symphytum officinale;ecoflora
Symphytum x uplandicum Nyman;name;Symphytum ×uplandicum Nyman;Symphytum asperum;ecoflora
Tilia x europaea L;name;Tilia ×europaea L;Tilia platyphyllos;ecoflora
Tilia x europaea L;name;Tilia ×europaea L;Tilia cordata;ecoflora
Tragopogon x mirabilis Rouy;name;Tragopogon ×mirabilis Rouy;Tragopogon pratensis;ecoflora
Tragopogon x mirabilis Rouy;name;Tragopogon ×mirabilis Rouy;Tragopogon porrifolius;ecoflora
Tripleurospermum maritimum x inodorum;formula;Tripleurospermum maritimum × inodorum;Tripleurospermum maritimum;ecoflora
Tripleurospermum maritimum x inodorum;formula;Tripleurospermum maritimum × inodorum;Tripleurospermum inodorum;ecoflora
Verbascum pyramidatum x nigrum;formula;Verbascum pyramidatum × nigrum;Verbascum pyramidatum;ecoflora
Verbascum pyramidatum x nigrum;formula;Verbascum pyramidatum × nigrum;Verbascum nigrum;ecoflora
Verbascum pyramidatum x thapsus;formula;Verbascum pyramidatum × thapsus;Verbascum pyramidatum;ecoflora
Verbascum pyramidatum x thapsus;formula;Verbascum pyramidatum × thapsus;Verbascum thapsus;ecoflora
Verbascum x duernsteinense Teyber;name;Verbascum ×duernsteinense Teyber;Verbascum thapsus;ecoflora
Verbascum x duernsteinense Teyber;name;Verbascum ×duernsteinense Teyber;Verbascum speciosum;ecoflora
Verbascum x intermedium Rupr. ex Bercht. & Pfund;name;Verbascum ×intermedium Rupr. ex Bercht. & Pfund;Verbascum blattaria;ecoflora
Verbascum x intermedium Rupr. ex Bercht. & Pfund;name;Verbascum ×intermedium Rupr. ex Bercht. & Pfund;Verbascum nigrum;ecoflora
Verbascum x kerneri Fritsch;name;Verbascum ×kerneri Fritsch;Verbascum phlomoides;ecoflora
Verbascum x kerneri Fritsch;name;Verbascum ×kerneri Fritsch;Verbascum thapsus;ecoflora
Verbascum x lemaitrei Boreau;name;Verbascum ×lemaitrei Boreau;Verbascum virgatum;ecoflora
Verbascum x lemaitrei Boreau;name;Verbascum ×lemaitrei Boreau;Verbascum thapsus;ecoflora
Veronica longifolia x spicata;formula;Veronica longifolia × spicata;Veronica longifolia;ecoflora
Veronica longifolia x spicata;formula;Veronica longifolia × spicata;Veronica spicata;ecoflora
Viburnum x rhytidophylloides J.V. Suringar;name;Viburnum ×rhytidophylloides J.V. Suringar;Viburnum lantana;ecoflora
Viburnum x rhytidophylloides J.V. Suringar;name;Viburnum ×rhytidophylloides J.V. Suringar;Viburnum rhytidophyllum;ecoflora
Viola x wittrockiana Gams ex Kappert;name;Viola ×wittrockiana Gams ex Kappert;Viola lutea;ecoflora
Viola x wittrockiana Gams ex Kappert;name;Viola ×wittrockiana Gams ex Kappert;Viola tricolor;ecoflora
Viola x wittrockiana Gams ex Kappert;name;Viola ×wittrockiana Gams ex Kappert;Viola altaica;ecoflora
X Agropogon robinsonii (Druce) Melderis & D.C. McClint.;name;×Agropogon robinsonii (Druce) Melderis & D.C. McClint.;Agrostis stolonifera;ecoflora
X Agropogon robinsonii (Druce) Melderis & D.C. McClint.;name;×Agropogon robinsonii (Druce) Melderis & D.C. McClint.;Polypogon viridis;ecoflora
X Conyzigeron huelsenii (Vatke) Rauschert;name;×Conyzigeron huelsenii (Vatke) Rauschert;Erigeron acer;ecoflora
X Conyzigeron huelsenii (Vatke) Rauschert;name;×Conyzigeron huelsenii (Vatke) Rauschert;Conyza canadensis;ecoflora
X Crataemespilus grandiflora (Sm.) E.G. Camus;name;×Crataemespilus grandiflora (Sm.) E.G. Camus;Mespilus germanica;ecoflora
X Crataemespilus grandiflora (Sm.) E.G. Camus;name;×Crataemespilus grandiflora (Sm.) E.G. Camus;Crataegus laevigata;ecoflora
X Cuprocyparis leylandii (A.B. Jacks. & Dallim.) Farjon;name;×Cuprocyparis leylandii (A.B. Jacks. & Dallim.) Farjon;Cupressus macrocarpa;ecoflora
X Cuprocyparis leylandii (A.B. Jacks. & Dallim.) Farjon;name;×Cuprocyparis leylandii (A.B. Jacks. & Dallim.) Farjon;Xanthocyparis nootkatensis;ecoflora
X Festulolium braunii (K. Richt.) A. Camus;name;×Festulolium braunii (K. Richt.) A. Camus;Festuca pratensis;ecoflora
X Festulolium braunii (K. Richt.) A. Camus;name;×Festulolium braunii (K. Richt.) A. Camus;Lolium multiflorum;ecoflora
Circaea x intermedia Ehrh.;name;Circaea ×intermedia Ehrh.;NA;ecoflora
Freesia x hybrida L.H. Bailey;name;Freesia ×hybrida L.H. Bailey;NA;ecoflora
Mentha x villosa Huds.;name;Mentha ×villosa Huds.;NA;ecoflora
